{
  "K": 3,
  "epochs": [
    15,
    14,
    13
  ],
  "test_T": 1925,
  "test_sum": -109.15999999999985,
  "test_rm": 3966.6000000000004,
  "test_ret_pct": -2.751979024857557,
  "elapsed_sec": 1589.1791093349457
}