{
  "K": 1,
  "epochs": [
    15
  ],
  "test_T": 1925,
  "test_sum": -72.76000000000022,
  "test_rm": 3966.6000000000004,
  "test_ret_pct": -1.8343165431351842,
  "elapsed_sec": 1388.7392795085907
}