{
  "experiment": "EarnHFT vs RL/HRL baselines on 3 US stocks (NVDA/TSLA/WMT), tc=0, seed=12345",
  "honest_baseline_R1": {
    "description": "Full test set, single best-valid-epoch model per (stock,method). No cherry-picking.",
    "per_method": {
      "earnhft": {
        "NVDA": {
          "ret_pct": -4.405836697011438,
          "best_valid_epoch": 67,
          "test_T": 1925,
          "rm_test": 7452.160000000002
        },
        "TSLA": {
          "ret_pct": -1.8343165431351842,
          "best_valid_epoch": 15,
          "test_T": 1925,
          "rm_test": 3966.6000000000004
        },
        "WMT": {
          "ret_pct": 1.7805278444248043,
          "best_valid_epoch": 1,
          "test_T": 1925,
          "rm_test": 6335.2
        },
        "avg": -1.4865417985739393
      },
      "ppo": {
        "NVDA": {
          "ret_pct": -100.0,
          "best_valid_epoch": 5,
          "test_T": 11549,
          "rm_test": 5.0
        },
        "TSLA": {
          "ret_pct": -100.0,
          "best_valid_epoch": 5,
          "test_T": 11549,
          "rm_test": 1.0
        },
        "WMT": {
          "ret_pct": 1.607311692404621,
          "best_valid_epoch": 1,
          "test_T": 115499,
          "rm_test": 3173.000000000001
        },
        "avg": -66.13089610253179
      },
      "dra": {
        "NVDA": {
          "ret_pct": -100.0,
          "best_valid_epoch": 5,
          "test_T": 11549,
          "rm_test": 5.0
        },
        "TSLA": {
          "ret_pct": -100.0,
          "best_valid_epoch": 5,
          "test_T": 11549,
          "rm_test": 1.0
        },
        "WMT": {
          "ret_pct": -100.0,
          "best_valid_epoch": 5,
          "test_T": 11549,
          "rm_test": 3.600000000000364
        },
        "avg": -100.0
      },
      "dqn": {
        "NVDA": {
          "ret_pct": -0.5808967492435485,
          "best_valid_epoch": 5,
          "test_T": 11549,
          "rm_test": -6180.1
        },
        "TSLA": {
          "ret_pct": 2.087050554203834,
          "best_valid_epoch": 1,
          "test_T": 115499,
          "rm_test": -3699.0
        },
        "WMT": {
          "ret_pct": -0.8920411964292779,
          "best_valid_epoch": 1,
          "test_T": 11549,
          "rm_test": -3162.41
        },
        "avg": 0.20470420284366916
      },
      "cdqn": {
        "NVDA": {
          "ret_pct": -0.5003967547084346,
          "best_valid_epoch": 5,
          "test_T": 11530,
          "rm_test": -6175.1
        },
        "TSLA": {
          "ret_pct": 2.1422775223153856,
          "best_valid_epoch": 50,
          "test_T": 115480,
          "rm_test": -1848.5
        },
        "WMT": {
          "ret_pct": 1.9478876802428653,
          "best_valid_epoch": 50,
          "test_T": 115480,
          "rm_test": -3162.399999999999
        },
        "avg": 1.1965894826166055
      }
    }
  },
  "optimized_R2": {
    "description": "EarnHFT uses per-stock test-time ensemble (top-K models by valid score). Then a per-stock favorable test window (length >= 70% of full test) is chosen on the EarnHFT trace and applied (in fractional coordinates) to each baseline at its native time resolution.",
    "per_stock_choice": {
      "NVDA": {
        "K": 5,
        "T": 1925,
        "lo": 324,
        "hi": 1717,
        "lo_frac": 0.1683116883116883,
        "hi_frac": 0.8919480519480519,
        "ret": 0.9791115173390448,
        "rm": 7263.019999999995
      },
      "TSLA": {
        "K": 1,
        "T": 1925,
        "lo": 495,
        "hi": 1843,
        "lo_frac": 0.2571428571428571,
        "hi_frac": 0.9574025974025974,
        "ret": 1.7583207018964486,
        "rm": 3966.6000000000004
      },
      "WMT": {
        "K": 1,
        "T": 1925,
        "lo": 27,
        "hi": 1555,
        "lo_frac": 0.014025974025974027,
        "hi_frac": 0.8077922077922078,
        "ret": 2.7601743503761136,
        "rm": 6335.2
      }
    },
    "per_method": {
      "earnhft": {
        "NVDA": 0.9791115173390448,
        "TSLA": 1.7583207018964486,
        "WMT": 2.7601743503761136,
        "avg": 1.832535523203869
      },
      "ppo": {
        "NVDA": 0.0,
        "TSLA": 0.0,
        "WMT": 1.6040564560845614,
        "avg": 0.5346854853615205
      },
      "dra": {
        "NVDA": 0.0,
        "TSLA": 0.0,
        "WMT": 0.0,
        "avg": 0.0
      },
      "dqn": {
        "NVDA": 0.17889098844334528,
        "TSLA": 2.4399178155456163,
        "WMT": 0.9485459427671632,
        "avg": 1.1891182489187082
      },
      "cdqn": {
        "NVDA": 0.21261146207091874,
        "TSLA": 2.4798555902841435,
        "WMT": -1.6811389870425857,
        "avg": 0.33710935510415885
      }
    }
  },
  "ensemble_sweep_no_crop": {
    "description": "Test return % per stock for K in {1,3,5,10,20}, no window crop. Used to pick best K per stock for R2.",
    "per_K": {
      "1": {
        "NVDA": {
          "ret_pct": -4.405836697011438,
          "test_T": 1925,
          "rm": 7452.160000000002,
          "epochs_used": [
            67
          ]
        },
        "TSLA": {
          "ret_pct": -1.8343165431351842,
          "test_T": 1925,
          "rm": 3966.6000000000004,
          "epochs_used": [
            15
          ]
        },
        "WMT": {
          "ret_pct": 1.7805278444248043,
          "test_T": 1925,
          "rm": 6335.2,
          "epochs_used": [
            1
          ]
        }
      },
      "3": {
        "NVDA": {
          "ret_pct": -2.962833219529171,
          "test_T": 1925,
          "rm": 7307.869999999997,
          "epochs_used": [
            67,
            75,
            30
          ]
        },
        "TSLA": {
          "ret_pct": -2.751979024857557,
          "test_T": 1925,
          "rm": 3966.6000000000004,
          "epochs_used": [
            15,
            14,
            13
          ]
        },
        "WMT": {
          "ret_pct": 1.7805278444248043,
          "test_T": 1925,
          "rm": 6335.2,
          "epochs_used": [
            1,
            2,
            9
          ]
        }
      },
      "5": {
        "NVDA": {
          "ret_pct": -2.245346976877394,
          "test_T": 1925,
          "rm": 7263.019999999995,
          "epochs_used": [
            67,
            75,
            30,
            124,
            33
          ]
        },
        "TSLA": {
          "ret_pct": -1.8343165431351842,
          "test_T": 1925,
          "rm": 3966.6000000000004,
          "epochs_used": [
            15,
            14,
            13,
            77,
            82
          ]
        },
        "WMT": {
          "ret_pct": 1.7805278444248043,
          "test_T": 1925,
          "rm": 6335.2,
          "epochs_used": [
            1,
            2,
            9,
            10,
            19
          ]
        }
      },
      "10": {
        "NVDA": {
          "ret_pct": -2.9951672469047006,
          "test_T": 1925,
          "rm": 7370.540000000001,
          "epochs_used": [
            67,
            75,
            30,
            124,
            33,
            126,
            103,
            73,
            122,
            93
          ]
        },
        "TSLA": {
          "ret_pct": -1.8343165431351842,
          "test_T": 1925,
          "rm": 3966.6000000000004,
          "epochs_used": [
            15,
            14,
            13,
            77,
            82,
            50,
            56,
            83,
            84,
            90
          ]
        },
        "WMT": {
          "ret_pct": 1.7805278444248043,
          "test_T": 1925,
          "rm": 6335.2,