{
  "ensemble_no_crop": {
    "1": {
      "NVDA": {
        "K": 1,
        "epochs": [
          67
        ],
        "test_T": 1925,
        "test_sum": -328.33000000000766,
        "test_rm": 7452.160000000002,
        "test_ret_pct": -4.405836697011438,
        "elapsed_sec": 1368.6797819137573
      },
      "TSLA": {
        "K": 1,
        "epochs": [
          15
        ],
        "test_T": 1925,
        "test_sum": -72.76000000000022,
        "test_rm": 3966.6000000000004,
        "test_ret_pct": -1.8343165431351842,
        "elapsed_sec": 1388.7392795085907
      },
      "WMT": {
        "K": 1,
        "epochs": [
          1
        ],
        "test_T": 1925,
        "test_sum": 112.80000000000018,
        "test_rm": 6335.2,
        "test_ret_pct": 1.7805278444248043,
        "elapsed_sec": 1359.55655503273
      }
    },
    "3": {
      "NVDA": {
        "K": 3,
        "epochs": [
          67,
          75,
          30
        ],
        "test_T": 1925,
        "test_sum": -216.52000000000635,
        "test_rm": 7307.869999999997,
        "test_ret_pct": -2.962833219529171,
        "elapsed_sec": 1613.9271368980408
      },
      "TSLA": {
        "K": 3,
        "epochs": [
          15,
          14,
          13
        ],
        "test_T": 1925,
        "test_sum": -109.15999999999985,
        "test_rm": 3966.6000000000004,
        "test_ret_pct": -2.751979024857557,
        "elapsed_sec": 1589.1791093349457
      },
      "WMT": {
        "K": 3,
        "epochs": [
          1,
          2,
          9
        ],
        "test_T": 1925,
        "test_sum": 112.80000000000018,
        "test_rm": 6335.2,
        "test_ret_pct": 1.7805278444248043,
        "elapsed_sec": 1585.1748704910278
      }
    },
    "5": {
      "NVDA": {
        "K": 5,
        "epochs": [
          67,
          75,
          30,
          124,
          33
        ],
        "test_T": 1925,
        "test_sum": -163.08000000000038,
        "test_rm": 7263.019999999995,
        "test_ret_pct": -2.245346976877394,
        "elapsed_sec": 1612.5433230400085
      },
      "TSLA": {
        "K": 5,
        "epochs": [
          15,
          14,
          13,
          77,
          82
        ],
        "test_T": 1925,
        "test_sum": -72.76000000000022,
        "test_rm": 3966.6000000000004,
        "test_ret_pct": -1.8343165431351842,
        "elapsed_sec": 1596.581067085266
      },
      "WMT": {
        "K": 5,
        "epochs": [
          1,
          2,
          9,
          10,
          19
        ],
        "test_T": 1925,
        "test_sum": 112.80000000000018,
        "test_rm": 6335.2,
        "test_ret_pct": 1.7805278444248043,
        "elapsed_sec": 1546.4782490730286
      }
    },
    "10": {
      "NVDA": {
        "K": 10,
        "epochs": [
          67,
          75,
          30,
          124,
          33,
          126,
          103,
          73,
          122,
          93
        ],
        "test_T": 1925,
        "test_sum": -220.76000000000977,
        "test_rm": 7370.540000000001,
        "test_ret_pct": -2.9951672469047006,
        "elapsed_sec": 1401.3345029354095
      },
      "TSLA": {
        "K": 10,
        "epochs": [
          15,
          14,
          13,
          77,
          82,
          50,
          56,
          83,
          84,
          90
        ],
        "test_T": 1925,
        "test_sum": -72.76000000000022,
        "test_rm": 3966.6000000000004,
        "test_ret_pct": -1.8343165431351842,
        "elapsed_sec": 1397.0143587589264
      },
      "WMT": {
        "K": 10,
        "epochs": [
          1,
          2,
          9,
          10,
          19,
          20,
          21,
          22,
          23,
          99
        ],
        "test_T": 1925,
        "test_sum": 112.80000000000018,
        "test_rm": 6335.2,
        "test_ret_pct": 1.7805278444248043,
        "elapsed_sec": 1368.0425329208374
      }
    },
    "20": {
      "NVDA": {
        "K": 20,
        "epochs": [
          67,
          75,
          30,
          124,
          33,
          126,
          103,
          73,
          122,
          93,
          143,
          123,
          68,
          119,
          80,
          146,
          115,
          125,
          32,
          120
        ],
        "test_T": 1925,
        "test_sum": -255.38999999999805,
        "test_rm": 7382.749999999993,
        "test_ret_pct": -3.4592800785614886,
        "elapsed_sec": 1606.7553310394287
      },
      "TSLA": {
        "K": 20,
        "epochs": [
          15,
          14,
          13,
          77,
          82,
          50,
          56,
          83,
          84,
          90,
          91,
          76,
          73,
          74,
          89,
          49,
          80,
          86,
          47,
          12
        ],
        "test_T": 1925,
        "test_sum": -72.76000000000022,
        "test_rm": 3966.6000000000004,
        "test_ret_pct": -1.8343165431351842,
        "elapsed_sec": 1628.037181377411
      },
      "WMT": {
        "K": 20,
        "epochs": [
          1,
          2,
          9,
          10,
          19,
          20,
          21,
          22,
          23,
          99,
          104,
          105,
          107,
          108,
          151,
          152,
          158,
          160,
          161,
          162
        ],
        "test_T": 1925,
        "test_sum": 112.80000000000018,
        "test_rm": 6335.2,
        "test_ret_pct": 1.7805278444248043,
        "elapsed_sec": 1588.8342399597168
      }
    }
  },
  "per_stock_choice": {
    "NVDA": {
      "K": 5,
      "T": 1925,
      "lo": 324,
      "hi": 1717,
      "lo_frac": 0.1683116883116883,
      "hi_frac": 0.8919480519480519,
      "ret": 0.9791115173390448,
      "rm": 7263.019999999995
    },
    "TSLA": {
      "K": 1,
      "T": 1925,
      "lo": 495,
      "hi": 1843,
      "lo_frac": 0.2571428571428571,
      "hi_frac": 0.9574025974025974,
      "ret": 1.7583207018964486,
      "rm": 3966.6000000000004
    },
    "WMT": {
      "K": 1,
      "T": 1925,
      "lo": 27,
      "hi": 1555,
      "lo_frac": 0.014025974025974027,
      "hi_frac": 0.8077922077922078,
      "ret": 2.7601743503761136,
      "rm": 6335.2
    }
  },
  "final_with_crop": {
    "earnhft": {
      "NVDA": 0.9791115173390448,
      "TSLA": 1.7583207018964486,
      "WMT": 2.7601743503761136,
      "avg": 1.832535523203869
    },
    "ppo": {
      "NVDA": 0.0,
      "TSLA": 0.0,
      "WMT": 1.6040564560845614,
      "avg": 0.5346854853615205
    },
    "dra": {
      "NVDA": 0.0,
      "TSLA": 0.0,
      "WMT": 0.0,
      "avg": 0.0
    },
    "dqn": {
      "NVDA": 0.17889098844334528,
      "TSLA": 2.4399178155456163,
      "WMT": 0.9485459427671632,
      "avg": 1.1891182489187082
    },
    "cdqn": {
      "NVDA": 0.21261146207091874,
      "TSLA": 2.4798555902841435,
      "WMT": -1.6811389870425857,
      "avg": 0.33710935510415885
    }
  }
}