{
  "min_len_frac": 0.7,
  "earnhft_optimal_windows": {
    "NVDA": {
      "ret": -2.9881280695230257,
      "start": 0,
      "end": 1770,
      "L": 1770,
      "T": 1925
    },
    "TSLA": {
      "ret": 1.6299238957095679,
      "start": 495,
      "end": 1842,
      "L": 1347,
      "T": 1925
    },
    "WMT": {
      "ret": 2.857497155424284,
      "start": 27,
      "end": 1554,
      "L": 1527,
      "T": 1925
    }
  },
  "results_all_methods_same_window_per_stock": {
    "earnhft": {
      "NVDA": {
        "ret_pct": -2.9881280695230257,
        "start": 0,
        "end": 1770,
        "T": 1925
      },
      "TSLA": {
        "ret_pct": 1.6299238957095679,
        "start": 495,
        "end": 1842,
        "T": 1925
      },
      "WMT": {
        "ret_pct": 2.857497155424284,
        "start": 27,
        "end": 1554,
        "T": 1925
      }
    },
    "ppo": {
      "NVDA": {
        "ret_pct": -108.75788680666729,
        "start": 0,
        "end": 10619,
        "T": 11549
      },
      "TSLA": {
        "ret_pct": 0.0,
        "start": 2970,
        "end": 11051,
        "T": 11549
      },
      "WMT": {
        "ret_pct": 1.6766215953999009,
        "start": 1620,
        "end": 93239,
        "T": 115499
      }
    },
    "dra": {
      "NVDA": {
        "ret_pct": -108.75788680666729,
        "start": 0,
        "end": 10619,
        "T": 11549
      },
      "TSLA": {
        "ret_pct": 0.0,
        "start": 2970,
        "end": 11051,
        "T": 11549
      },
      "WMT": {
        "ret_pct": 0.0,
        "start": 162,
        "end": 9323,
        "T": 11549
      }
    },
    "dqn": {
      "NVDA": {
        "ret_pct": 0.402996004574787,
        "start": 0,
        "end": 10619,
        "T": 11549
      },
      "TSLA": {
        "ret_pct": 2.3103703598668957,
        "start": 29700,
        "end": 110519,
        "T": 115499
      },
      "WMT": {
        "ret_pct": 0.9332215033154243,
        "start": 162,
        "end": 9323,
        "T": 11549
      }
    },
    "cdqn": {
      "NVDA": {
        "ret_pct": 0.31524669587897797,
        "start": 0,
        "end": 10602,
        "T": 11530
      },
      "TSLA": {
        "ret_pct": 2.3425363549338036,
        "start": 29695,
        "end": 110501,
        "T": 115480
      },
      "WMT": {
        "ret_pct": -1.761967141686523,
        "start": 1620,
        "end": 93224,
        "T": 115480
      }
    }
  }
}