{
  "K": 20,
  "epochs": [
    67,
    75,
    30,
    124,
    33,
    126,
    103,
    73,
    122,
    93,
    143,
    123,
    68,
    119,
    80,
    146,
    115,
    125,
    32,
    120
  ],
  "test_T": 1925,
  "test_sum": -255.38999999999805,
  "test_rm": 7382.749999999993,
  "test_ret_pct": -3.4592800785614886,
  "elapsed_sec": 1606.7553310394287
}