{
  "K": 20,
  "epochs": [
    1,
    2,
    9,
    10,
    19,
    20,
    21,
    22,
    23,
    99,
    104,
    105,
    107,
    108,
    151,
    152,
    158,
    160,
    161,
    162
  ],
  "test_T": 1925,
  "test_sum": 112.80000000000018,
  "test_rm": 6335.2,
  "test_ret_pct": 1.7805278444248043,
  "elapsed_sec": 1588.8342399597168
}