{
  "K": 1,
  "epochs": [
    1
  ],
  "test_T": 1925,
  "test_sum": 112.80000000000018,
  "test_rm": 6335.2,
  "test_ret_pct": 1.7805278444248043,
  "elapsed_sec": 1359.55655503273
}