{
  "K": 1,
  "epochs": [
    67
  ],
  "test_T": 1925,
  "test_sum": -328.33000000000766,
  "test_rm": 7452.160000000002,
  "test_ret_pct": -4.405836697011438,
  "elapsed_sec": 1368.6797819137573
}