{
  "K": 5,
  "epochs": [
    67,
    75,
    30,
    124,
    33
  ],
  "test_T": 1925,
  "test_sum": -163.08000000000038,
  "test_rm": 7263.019999999995,
  "test_ret_pct": -2.245346976877394,
  "elapsed_sec": 1612.5433230400085
}