{
  "K": 3,
  "epochs": [
    67,
    75,
    30
  ],
  "test_T": 1925,
  "test_sum": -216.52000000000635,
  "test_rm": 7307.869999999997,
  "test_ret_pct": -2.962833219529171,
  "elapsed_sec": 1613.9271368980408
}