{
  "K": 10,
  "epochs": [
    67,
    75,
    30,
    124,
    33,
    126,
    103,
    73,
    122,
    93
  ],
  "test_T": 1925,
  "test_sum": -220.76000000000977,
  "test_rm": 7370.540000000001,
  "test_ret_pct": -2.9951672469047006,
  "elapsed_sec": 1401.3345029354095
}